Workbook

Sheet 0_GPU_Architecture
A1: GPU ARCHITECTURE & HARDWARE HIERARCHY SIMULATOR
A3: Why GPUs excel at Matrix Multiplication: Massive Parallelism + Hierarchical Memory Model
A5: 1. CPU vs GPU: The Excel Mental Model | H5: 2. GPU Memory Hierarchy & Latency (The Memory Wall)
A6: • CPU Mental Model (Sequential Worker) Imagine 1 person sitting at Excel filling 1 cell at a time with a formula: for i in 1..M: for j in 1..N: cell[i,j] = sumproduct(row_i, col_j). High clock speed (5 GHz), huge L3 cache, but only 8-16 workers. | H6: Memory Tier | I6: Location | J6: Capacity | K6: Latency (Cycles) | L6: Bandwidth | M6: Scope
H7: Registers | I7: On-Chip (Thread) | J7: ~64 KB / SM | K7: 0-1 cycles | L7: Ultra (>30 TB/s) | M7: Private per Thread
H8: Shared Memory (SRAM) | I8: On-Chip (SM) | J8: 64-228 KB / SM | K8: 20-30 cycles | L8: ~12-19 TB/s | M8: Shared in Block
A9: • GPU Mental Model (Massive Parallel Army) Imagine 10,000 workers where EACH WORKER is assigned to EXACTLY ONE CELL! All workers calculate their cell's formula at the EXACT same instant in lockstep. Moderate clock speed (1.8-2.5 GHz), but massive throughput (thousands of ALUs). | H9: L1 Cache | I9: On-Chip (SM) | J9: Integrated w/ SMEM | K9: 20-30 cycles | L9: ~12-19 TB/s | M9: SM / Streaming
H10: L2 Cache | I10: On-Chip (Cross-SM) | J10: 32-96 MB (Chip) | K10: 150-200 cycles | L10: ~3-5 TB/s | M10: All SMs on GPU
H11: Global Memory (VRAM) | I11: Off-Chip (HBM3/GDDR6X) | J11: 24-80 GB | K11: 400-800 cycles | L11: 1.0 - 3.3 TB/s | M11: Global (All Threads)

Sheet 1_Naive_GEMM
A1: NAIVE GPU MATRIX MULTIPLICATION (1 Thread = 1 Output Element)
B5: Matrix A (Global Memory) | G5: Matrix B (Global Memory) | L5: Matrix C = A x B (Thread Grid)
B6: 1 | C6: 2 | D6: 3 | E6: 4 | G6: 2 | H6: 0 | I6: 1 | J6: 3 | L6: =SUMPRODUCT(B6:E6, G$6:G$9) | M6: =SUMPRODUCT(B6:E6, H$6:H$9) | N6: =SUMPRODUCT(B6:E6, I$6:I$9) | O6: =SUMPRODUCT(B6:E6, J$6:J$9)
B7: 5 | C7: 6 | D7: 7 | E7: 8 | G7: 1 | H7: 2 | I7: 0 | J7: 1 | L7: =SUMPRODUCT(B7:E7, G$6:G$9) | M7: =SUMPRODUCT(B7:E7, H$6:H$9) | N7: =SUMPRODUCT(B7:E7, I$6:I$9) | O7: =SUMPRODUCT(B7:E7, J$6:J$9)
B8: 9 | C8: 1 | D8: 2 | E8: 3 | G8: 3 | H8: 1 | I8: 2 | J8: 0 | L8: =SUMPRODUCT(B8:E8, G$6:G$9) | M8: =SUMPRODUCT(B8:E8, H$6:H$9) | N8: =SUMPRODUCT(B8:E8, I$6:I$9) | O8: =SUMPRODUCT(B8:E8, J$6:J$9)
B9: 4 | C9: 5 | D9: 6 | E9: 7 | G9: 0 | H9: 3 | I9: 1 | J9: 2 | L9: =SUMPRODUCT(B9:E9, G$6:G$9) | M9: =SUMPRODUCT(B9:E9, H$6:H$9) | N9: =SUMPRODUCT(B9:E9, I$6:I$9) | O9: =SUMPRODUCT(B9:E9, J$6:J$9)

Sheet 2_Block_GEMM_Reduction
A1: BLOCK GEMM: PARTIAL PRODUCTS & REGISTER REDUCTION
A3: How Reduction Works: Matrix C is formed by summing Sub-Matrix Partial Products: C = Partial_Tile_0 + Partial_Tile_1
A5: Partial Product Matrix P^(0) (k=0..1) | F5: Partial Product Matrix P^(1) (k=2..3) | K5: Final Reduced Matrix C = P^(0) + P^(1)
A6: ='1_Naive_GEMM'!B6*'1_Naive_GEMM'!G$6 + '1_Naive_GEMM'!C6*'1_Naive_GEMM'!G$7 | B6: ='1_Naive_GEMM'!B6*'1_Naive_GEMM'!H$6 + '1_Naive_GEMM'!C6*'1_Naive_GEMM'!H$7 | C6: ='1_Naive_GEMM'!B6*'1_Naive_GEMM'!I$6 + '1_Naive_GEMM'!C6*'1_Naive_GEMM'!I$7 | D6: ='1_Naive_GEMM'!B6*'1_Naive_GEMM'!J$6 + '1_Naive_GEMM'!C6*'1_Naive_GEMM'!J$7 | F6: ='1_Naive_GEMM'!D6*'1_Naive_GEMM'!G$8 + '1_Naive_GEMM'!E6*'1_Naive_GEMM'!G$9 | G6: ='1_Naive_GEMM'!D6*'1_Naive_GEMM'!H$8 + '1_Naive_GEMM'!E6*'1_Naive_GEMM'!H$9 | H6: ='1_Naive_GEMM'!D6*'1_Naive_GEMM'!I$8 + '1_Naive_GEMM'!E6*'1_Naive_GEMM'!I$9 | I6: ='1_Naive_GEMM'!D6*'1_Naive_GEMM'!J$8 + '1_Naive_GEMM'!E6*'1_Naive_GEMM'!J$9 | K6: =A6 + F6 | L6: =B6 + G6 | M6: =C6 + H6 | N6: =D6 + I6
A7: ='1_Naive_GEMM'!B7*'1_Naive_GEMM'!G$6 + '1_Naive_GEMM'!C7*'1_Naive_GEMM'!G$7 | B7: ='1_Naive_GEMM'!B7*'1_Naive_GEMM'!H$6 + '1_Naive_GEMM'!C7*'1_Naive_GEMM'!H$7 | C7: ='1_Naive_GEMM'!B7*'1_Naive_GEMM'!I$6 + '1_Naive_GEMM'!C7*'1_Naive_GEMM'!I$7 | D7: ='1_Naive_GEMM'!B7*'1_Naive_GEMM'!J$6 + '1_Naive_GEMM'!C7*'1_Naive_GEMM'!J$7 | E7: ➕ | F7: ='1_Naive_GEMM'!D7*'1_Naive_GEMM'!G$8 + '1_Naive_GEMM'!E7*'1_Naive_GEMM'!G$9 | G7: ='1_Naive_GEMM'!D7*'1_Naive_GEMM'!H$8 + '1_Naive_GEMM'!E7*'1_Naive_GEMM'!H$9 | H7: ='1_Naive_GEMM'!D7*'1_Naive_GEMM'!I$8 + '1_Naive_GEMM'!E7*'1_Naive_GEMM'!I$9 | I7: ='1_Naive_GEMM'!D7*'1_Naive_GEMM'!J$8 + '1_Naive_GEMM'!E7*'1_Naive_GEMM'!J$9 | J7: 🟰 | K7: =A7 + F7 | L7: =B7 + G7 | M7: =C7 + H7 | N7: =D7 + I7
A8: ='1_Naive_GEMM'!B8*'1_Naive_GEMM'!G$6 + '1_Naive_GEMM'!C8*'1_Naive_GEMM'!G$7 | B8: ='1_Naive_GEMM'!B8*'1_Naive_GEMM'!H$6 + '1_Naive_GEMM'!C8*'1_Naive_GEMM'!H$7 | C8: ='1_Naive_GEMM'!B8*'1_Naive_GEMM'!I$6 + '1_Naive_GEMM'!C8*'1_Naive_GEMM'!I$7 | D8: ='1_Naive_GEMM'!B8*'1_Naive_GEMM'!J$6 + '1_Naive_GEMM'!C8*'1_Naive_GEMM'!J$7 | F8: ='1_Naive_GEMM'!D8*'1_Naive_GEMM'!G$8 + '1_Naive_GEMM'!E8*'1_Naive_GEMM'!G$9 | G8: ='1_Naive_GEMM'!D8*'1_Naive_GEMM'!H$8 + '1_Naive_GEMM'!E8*'1_Naive_GEMM'!H$9 | H8: ='1_Naive_GEMM'!D8*'1_Naive_GEMM'!I$8 + '1_Naive_GEMM'!E8*'1_Naive_GEMM'!I$9 | I8: ='1_Naive_GEMM'!D8*'1_Naive_GEMM'!J$8 + '1_Naive_GEMM'!E8*'1_Naive_GEMM'!J$9 | K8: =A8 + F8 | L8: =B8 + G8 | M8: =C8 + H8 | N8: =D8 + I8
A9: ='1_Naive_GEMM'!B9*'1_Naive_GEMM'!G$6 + '1_Naive_GEMM'!C9*'1_Naive_GEMM'!G$7 | B9: ='1_Naive_GEMM'!B9*'1_Naive_GEMM'!H$6 + '1_Naive_GEMM'!C9*'1_Naive_GEMM'!H$7 | C9: ='1_Naive_GEMM'!B9*'1_Naive_GEMM'!I$6 + '1_Naive_GEMM'!C9*'1_Naive_GEMM'!I$7 | D9: ='1_Naive_GEMM'!B9*'1_Naive_GEMM'!J$6 + '1_Naive_GEMM'!C9*'1_Naive_GEMM'!J$7 | F9: ='1_Naive_GEMM'!D9*'1_Naive_GEMM'!G$8 + '1_Naive_GEMM'!E9*'1_Naive_GEMM'!G$9 | G9: ='1_Naive_GEMM'!D9*'1_Naive_GEMM'!H$8 + '1_Naive_GEMM'!E9*'1_Naive_GEMM'!H$9 | H9: ='1_Naive_GEMM'!D9*'1_Naive_GEMM'!I$8 + '1_Naive_GEMM'!E9*'1_Naive_GEMM'!I$9 | I9: ='1_Naive_GEMM'!D9*'1_Naive_GEMM'!J$8 + '1_Naive_GEMM'!E9*'1_Naive_GEMM'!J$9 | K9: =A9 + F9 | L9: =B9 + G9 | M9: =C9 + H9 | N9: =D9 + I9
A12: 🔬 HOW REDUCTION & PARTIAL PRODUCTS WORK IN HARDWARE: 1. Thread Registers as Accumulators: Each CUDA thread initializes float Pvalue = 0.0f. 2. Sub-Matrix Tiling: The global K-dimension (4) is divided into tiles of size TILE_WIDTH (2). 3. Loop m=0: All 4 Thread Blocks compute Partial Product P^(0) from Shared Memory SRAM and add into Pvalue. 4. Loop m=1: All 4 Thread Blocks compute Partial Product P^(1) from Shared Memory SRAM and add into Pvalue. 5. Final Commit: The register reduction is complete (Pvalue = P^(0) + P^(1)). Each thread issues a coalesced write to C. 💡 Result: 0 memory stalls, maximum arithmetic intensity, and seamless scalability to any matrix size!

Sheet 3_Tiled_Shared_Memory_GEMM
A1: TILED MATRIX MULTIPLICATION IN SHARED MEMORY
A4: 🎮 INTERACTIVE STEP: | D4: 1 | E4: ⬅ Change cell D4 to '1' (Tile Step 0: k=0..1) or '2' (Tile Step 1: k=2..3). Watch Shared Memory buffers update!
A6: Matrix A (Global Memory) | F6: Matrix B (Global Memory) | K6: As (SMEM SRAM) | N6: Bs (SMEM SRAM)
A7: 1 | B7: 2 | C7: 3 | D7: 4 | F7: 2 | G7: 0 | H7: 1 | I7: 3 | K7: =INDEX($A$7:$D$8, 1, ($D$4-1)*2 + 1) | L7: =INDEX($A$7:$D$8, 1, ($D$4-1)*2 + 2) | N7: =INDEX($F$7:$I$10, ($D$4-1)*2 + 1, 1) | O7: =INDEX($F$7:$I$10, ($D$4-1)*2 + 1, 2)
A8: 5 | B8: 6 | C8: 7 | D8: 8 | F8: 1 | G8: 2 | H8: 0 | I8: 1 | K8: =INDEX($A$7:$D$8, 2, ($D$4-1)*2 + 1) | L8: =INDEX($A$7:$D$8, 2, ($D$4-1)*2 + 2) | N8: =INDEX($F$7:$I$10, ($D$4-1)*2 + 2, 1) | O8: =INDEX($F$7:$I$10, ($D$4-1)*2 + 2, 2)
A9: 9 | B9: 1 | C9: 2 | D9: 3 | F9: 3 | G9: 1 | H9: 2 | I9: 0
A10: 4 | B10: 5 | C10: 6 | D10: 7 | F10: 0 | G10: 3 | H10: 1 | I10: 2

Sheet 4_Roofline_Model
A1: ROOFLINE PERFORMANCE MODEL & GPU SPEC COMPARISON
A4: GPU Architecture | B4: FP32 TFLOPs | C4: Tensor TFLOPs | D4: Memory Bandwidth | E4: Ridge Point (FLOPs/Byte) | F4: Max GEMM Efficiency
A5: NVIDIA H100 (Hopper) | B5: 67 TFLOPs | C5: 989 TFLOPs | D5: 3,350 GB/s (HBM3) | E5: =67000/3350 | F5: 95% (Tensor Cores)
A6: NVIDIA A100 (Ampere) | B6: 19.5 TFLOPs | C6: 312 TFLOPs | D6: 2,039 GB/s (HBM2e) | E6: =19500/2039 | F6: 92% (Tensor Cores)
A7: NVIDIA RTX 4090 (Ada) | B7: 82.6 TFLOPs | C7: 330 TFLOPs | D7: 1,008 GB/s (GDDR6X) | E7: =82600/1008 | F7: 88% (Tiled Shared Mem)
A8: NVIDIA V100 (Volta) | B8: 15.7 TFLOPs | C8: 125 TFLOPs | D8: 900 GB/s (HBM2) | E8: =15700/900 | F8: 85% (Tiled Shared Mem)
